key	latitude	longitude
H429F	22.2485255	114.1501576
H210F	22.27490622	114.1791642
H421F	22.25024351	114.1766512
H422F2	22.24792186	114.1610034
H904F	22.2793944	114.1813669
H216F	22.27930409	114.1814057
H305F	22.28175082	114.1912256
H106F	22.2859674	114.1557495
H110F	22.28688829	114.153993
H138F	22.27768676	114.1596417
H207F	22.28128179	114.1819201
H204F	22.28054134	114.1744485
H222F	22.27971054	114.1765444
H215F	22.28160696	114.1790867
H214F	22.27981869	114.1685587
H201F	22.27783195	114.1685006
H802F	22.29106727	114.2119641
H801F	22.29401254	114.2054047
H803F	22.28826553	114.2211432
H307F	22.29022115	114.195273
H903F	22.27573701	114.1808526
H107F	22.28142516	114.1570698
H130F	22.28179051	114.1323068
H132F2	22.27758183	114.130872
H109F	22.27982723	114.1616694
H108F	22.28036864	114.1576522
H209F	22.27504169	114.1783686
H422F1	22.24828309	114.1611004
H401F	22.25055947	114.1706947
H203F	22.28011673	114.1846175
K202F	22.31981545	114.1728075
K209F	22.32660644	114.17206
K104F	22.30127544	114.1680916
K106F	22.30270251	114.1772723
K109F	22.30557423	114.1788251
K221F	22.31830685	114.1635385
K305F	22.33866944	114.1518975
K802F	22.34304974	114.1551682
TK110F	22.30500482	114.2544171
K627F	22.3334725	114.2219631
K107F	22.30209742	114.1805719
K108F	22.3057997	114.1667908
K613F	22.32535714	114.2087889
K404F	22.3140446	114.1874923
K325F	22.3371325	114.142375
K814F	22.32573725	114.2042658
K812F	22.30913278	114.2295157
K813F	22.31230599	114.2174335
K621F	22.32951984	114.2107603
K809F2	22.31947692	114.2148344
K810F	22.31464427	114.2199383
K602F	22.31013525	114.2292831
K804F	22.3420935	114.1647497
K505F	22.34290651	114.1845919
K614F	22.33399946	114.20849
K508F	22.34148739	114.1989686
K405F	22.32217214	114.1874347
K205F	22.32230774	114.1686338
TK101F	22.32604763	114.2511576
TK105F	22.31815879	114.2616358
K506F	22.32769862	114.1905897
K521F	22.33257458	114.1961231
K123F	22.31084812	114.1779419
K409F	22.32128749	114.1780488
K408F	22.31726887	114.1785729
K102F	22.29557735	114.1753702
K101F	22.29458393	114.1725851
K607F	22.32400731	114.2258911
K811F	22.31209325	114.2341463
TK904F	22.31734805	114.2576851
K111F	22.31216628	114.1668971
K112F	22.31317793	114.1716528
K502F	22.34014333	114.1790585
K816F	22.32504352	114.1618295
K914F	22.33089245	114.1427454
K911F	22.31438739	114.1614812
TW117F	22.37020629	114.1234625
TW109F	22.3648908	114.1353776
SM936F	22.37653656	114.1230523
TC101F	22.34864601	114.1115299
TC302F	22.34472737	114.0932424
TW102F	22.34091561	114.132378
TW108F	22.36080797	114.1315632
TW105F	22.35524257	114.1231284
TW116F	22.36698179	114.1216578
TC104F	22.33851168	114.1321335
TW121F	22.34854601	114.1099184
TW120F	22.3701465	114.1085293
TW103F	22.36196889	114.118951
TW112F	22.37245862	114.1362978
TI101F	22.43594219	114.0005451
YL111F	22.44465535	114.0361091
YL106F	22.44436291	114.0321847
YL101F	22.44640711	114.0165806
TC604F	22.36029874	114.081767
SW109F	22.42806827	114.0011184
SW113F	22.44337572	114.0392287
SW112F	22.43381492	114.0317002
SW111F	22.43812359	114.0139673
BC702F	22.4863216	114.0584951
FH711F	22.46557484	114.1503591
TP113F	22.46264873	114.1489023
FH104F	22.5040348	114.0949935
FH107F	22.49860284	114.127913
FH106F	22.50049801	114.1240735
NH101F	22.48802377	114.1464192
NH109F	22.50041071	114.1342197
TP114F	22.44660398	114.1719393
BC103F	22.50212205	114.0816315
BC101F	22.4732254	114.0556398
BC102F	22.4927649	114.0649812
NH113F	22.50305446	114.1267355
NH115F	22.50116311	114.1470091
TP105F	22.45119145	114.172114
TP112F	22.45219287	114.1586098
TP102F	22.45688973	114.1773116
ST115F	22.38982807	114.1975391
ST725F	22.37000701	114.1879529
ST731F	22.41374312	114.227933
ST732F	22.41757026	114.2332959
ST112F	22.37150644	114.1792338
ST117F	22.42173545	114.2268287
ST119F	22.42718513	114.2402838
ST715F	22.37760035	114.2004308
ST106F	22.3779165	114.1998871
ST721F	22.38380417	114.2014612
SM933F	22.37778258	114.1824479
SM934F	22.38244241	114.1741555
ST109F	22.38920413	114.2032781
ST114F	22.3843925	114.1898379
ST703F	22.39488488	114.1996569
ST712F1	22.39842255	114.2123212
ST714F	22.38789322	114.2111629
TH110F	22.43822255	114.1968177
TH114F	22.44478893	114.1776419
TH101F	22.41141738	114.2125867
TH703F	22.44067912	114.1592719
TH701F	22.45634561	114.1496225
ST701F	22.40714628	114.2110997
FH706F	22.49162524	114.1386246
ST922F	22.36487795	114.1822532
SW103F	22.426992	113.982439
SW108F	22.42438851	113.9971503
TL102F	22.41030489	114.0605797
TL103F	22.37542451	114.0669298
TS102F	22.33475496	114.1066537
TS104F	22.34238857	114.1437231
TS105F	22.36758712	114.1714857
TW701F	22.37667801	114.1145851
H702F	22.29032691	114.1423865
H703F	22.28871049	114.142678
K901F	22.30759635	114.1612005
K931F	22.33368375	114.2065874
K952F	22.30140107	114.2339672
ST942F	22.38206891	114.2093748
K121F	22.29627254	114.1692661
TL101F	22.43755	114.05799
TS101F	22.34330086	114.0938645
CW103F	22.28737633	114.1569719
CW803F	22.28988738	114.191702
HH001F	22.47786575	114.1535925
HH002F	22.53028872	114.1709837
HH003F	22.53909273	114.1618259
HH004F	22.54589147	114.1527062
TC560F	22.35110094	114.074065
TC551F	22.34523759	114.0572263
TC573F	22.33733939	114.0389447
NL121F	22.3249869	114.0204954
NL124F	22.31008185	113.9904935
NL206F	22.29964603	113.9709987
NL126F	22.2980955	113.9660833
NL128F	22.2889767	113.9476306
NL022F	22.30805	113.93874
PB106F	22.3253802	114.0357825
TR101F	22.37407235	114.1030026
TR103F	22.37033628	114.0899744
TR105F	22.37129549	114.0777009
TC612F	22.37038995	114.0737207
TR107F	22.36559198	114.0694813
TR108F	22.36947897	114.0619535
TR111F	22.36486675	114.0416459
TR114F	22.35818188	114.0191574
TR116F	22.36741164	114.002117
TR119F	22.38313566	113.9801811
TR704F	22.39807653	113.9764601
TR706F	22.41137289	113.9793256
RT116F	22.38552239	113.9750312
TM103F	22.38336855	113.9643918
RT115F	22.37616562	113.9601401
TM101F	22.37340927	113.9654167
TM118F	22.39405567	113.974611
TC001F	22.31537	113.959797
TC002F	22.372131	113.953067
TC003F	22.363326	113.948462
K701F	22.30226	114.23342
K702F	22.30048	114.23066
TK701F	22.29197	114.26573
FH707F	22.48736999	114.146514
TK702F	22.29777	114.25578
NL131F	22.32061	113.95746
NL184F	22.31181	113.95863
AID01101	22.248091	114.152525
AID01102	22.24712681	114.1577149
AID01103	22.24863539	114.1621481
AID01104	22.24837379	114.1658151
AID01105	22.2496834	114.1686381
AID01106	22.25044211	114.1718782
AID01107	22.24999065	114.1762923
AID01108	22.27186288	114.1801247
AID01109	22.27659491	114.1810758
AID01110	22.279356	114.181217
AID01111	22.30412026	114.1809989
AID01112	22.30492398	114.1813386
AID01114	22.31330444	114.1769423
AID01115	22.31850605	114.1789805
AID01116	22.32074565	114.1786797
AID01117	22.32435789	114.1783109
AID01118	22.32843068	114.178476
AID01120	22.33496881	114.1788837
AID01121	22.33848171	114.1791459
AID01123	22.34521846	114.1813302
AID01124	22.3592791	114.1751851
AID01125	22.3634241	114.1798453
AID01126	22.36544683	114.1836319
AID01127	22.36700899	114.1859817
AID01128	22.37114477	114.1892152
AID01129	22.37381747	114.1929731
AID01130	22.37448544	114.1957016
AID01131	22.37624602	114.1986634
AID01132	22.3809075	114.2005981
AID01134	22.38752486	114.2006753
AID01135	22.39016201	114.1990055
AID01136	22.39401803	114.1990838
AID01201	22.34566999	114.1815632
AID01203	22.33891517	114.1791653
AID01204	22.33496881	114.1789128
AID01206	22.32842165	114.1786021
AID01207	22.32398763	114.1782818
AID01208	22.32130555	114.1782623
AID01209	22.31849702	114.179
AID01210	22.31330444	114.1769617
AID01211	22.31041465	114.1782331
AID01212	22.3094574	114.1788251
AID01213	22.30526714	114.1814745
AID01214	22.280729	114.180701
AID01215	22.278219	114.181221
AID01216	22.27331682	114.1796008
AID01217	22.250597	114.177565
AID01218	22.25005384	114.1737118
AID01219	22.25007176	114.1694335
AID01220	22.2482744	114.1650487
AID01221	22.24862632	114.1617697
AID01222	22.24761461	114.1590439
AID01223	22.24747861	114.1546396
AID02104	22.30694617	114.2331057
AID02105	22.30887989	114.2296126
AID02106	22.30812221	114.2267978
AID02107	22.30651544	114.2245554
AID02108	22.30788913	114.2208679
AID02109	22.31151117	114.2179477
AID02110	22.31318224	114.2163274
AID02111	22.31551267	114.2140375
AID02112	22.316913	114.2113882
AID02113	22.31887341	114.2075548
AID02114	22.3228384	114.2044691
AID02115	22.32760644	114.2051204
AID02116	22.33323248	114.2051603
AID02117	22.33842535	114.2034335
AID02118	22.37826677	114.2107819
AID02119	22.38236672	114.2103459
AID02120	22.3877668	114.2111629
AID02121	22.39230051	114.2092801
AID02122	22.3965898	114.2102328
AID02123	22.39997576	114.2124769
AID02124	22.40280159	114.215634
AID02125	22.40600689	114.2177521
AID02126	22.40936721	114.2137031
AID02127	22.41184191	114.21214
AID02201	22.34024044	114.2038221
AID02202	22.3353096	114.2046366
AID02203	22.33237458	114.2051116
AID02204	22.32719107	114.2049068
AID02205	22.32376857	114.2043431
AID02206	22.31925276	114.2072249
AID02207	22.31706671	114.2104759
AID02208	22.31617205	114.2133874
AID02209	22.31284803	114.2166476
AID02210	22.3111589	114.2182776
AID02211	22.3086298	114.2202955
AID02212	22.30629936	114.2222843
AID02213	22.30638009	114.2241963
AID02214	22.30851925	114.2277976
AID02215	22.30828304	114.2321164
AID03101	22.287996	114.1379233
AID03102	22.2887006	114.1388353
AID03103	22.28851255	114.1463558
AID03104	22.28869255	114.1432602
AID03106	22.30780401	114.1607347
AID03107	22.31424287	114.1611901
AID03108	22.31770145	114.1598309
AID03109	22.31936301	114.159093
AID03110	22.32431136	114.1556952
AID03111	22.32713749	114.152511
AID03112	22.32897925	114.1495114
AID03113	22.33021588	114.1463564
AID03114	22.33166006	114.1427743
AID03115	22.36920891	114.0768383
AID03116	22.37144646	114.0736228
AID03117	22.4234468	114.0642015
AID03118	22.42813342	114.0639257
AID03119	22.43195249	114.0627667
AID03120	22.43502139	114.060734
AID03121	22.43745767	114.0580606
AID03122	22.44005575	114.0544641
AID03123	22.44312344	114.051003
AID03124	22.44718551	114.0489301
AID03125	22.44964125	114.0482478
AID03201	22.37390021	114.0696886
AID03202	22.33462042	114.1356001
AID03203	22.33282441	114.1400755
AID03204	22.32936742	114.1486862
AID03205	22.32683954	114.1529091
AID03206	22.32400436	114.1559767
AID03207	22.32131349	114.1580057
AID03208	22.31895665	114.1592872
AID03209	22.31687971	114.1601707
AID03210	22.31468536	114.1610542
AID03211	22.30700933	114.1609192
AID04101	22.28659457	114.131461
AID04102	22.28749888	114.1361379
AID04103	22.28899887	114.1399608
AID04104	22.2890808	114.1429302
AID04105	22.28822405	114.1490826
AID04106	22.29326424	114.1971658
AID04107	22.2938687	114.201426
AID04108	22.29412091	114.2054048
AID04109	22.29318113	114.2085875
AID04110	22.29116665	114.2117894
AID04111	22.28954921	114.2159617
AID04112	22.28752487	114.221696
AID04113	22.28417443	114.221957
AID04114	22.28130192	114.2246342
AID04115	22.27997282	114.2297861
AID04116	22.28224709	114.2340759
AID04117	22.27876033	114.2366555
AID04118	22.27529184	114.2385849
AID04119	22.27116465	114.2390779
AID04120	22.2674807	114.2376307
AID04121	22.29385898	114.2056182
AID04122	22.29319937	114.2076948
AID04201	22.26459999	114.2374257
AID04202	22.26897061	114.238
AID04203	22.27167045	114.2388744
AID04204	22.27640298	114.2376054
AID04205	22.27898614	114.2365392
AID04206	22.28136181	114.2348324
AID04207	22.28126407	114.2301845
AID04208	22.28061524	114.2258177
AID04209	22.28126586	114.2244401
AID04210	22.28600779	114.2214336
AID04211	22.28842864	114.2190375
AID04212	22.28844642	114.2201049
AID04213	22.28910676	114.2157675
AID04214	22.29087764	114.2119252
AID04215	22.29288308	114.2087816
AID04216	22.29389518	114.2052106
AID04217	22.29350781	114.1991163
AID04218	22.2875291	114.1515281
AID04219	22.28842253	114.1479666
AID04220	22.28889136	114.1439589
AID04221	22.28817674	114.1384473
AID04222	22.28951355	114.2140112
AID05101	22.31542134	114.2182594
AID05102	22.31673143	114.2156198
AID05103	22.31817721	114.2117379
AID05104	22.3188824	114.2077975
AID05109	22.30853617	114.1829207
AID05110	22.30588128	114.1782331
AID05111	22.30716361	114.1739143
AID05113	22.31044147	114.1673631
AID05114	22.31326801	114.1668291
AID05115	22.3168441	114.1662756
AID05116	22.31847848	114.164179
AID05117	22.32277686	114.161985
AID05118	22.3267487	114.1595036
AID05119	22.32855591	114.1570438
AID05120	22.33148132	114.1533548
AID05121	22.33557141	114.1485394
AID05122	22.3363472	114.1441031
AID05123	22.3370778	114.1400162
AID05124	22.33798861	114.134774
AID05125	22.3434053	114.1288313
AID05126	22.34817223	114.124898
AID05127	22.35124287	114.1256929
AID05128	22.35607328	114.1228077
AID05129	22.35851063	114.1201757
AID05130	22.36203197	114.1185626
AID05131	22.3641441	114.1158044
AID05132	22.36634641	114.1128615
AID05133	22.36950582	114.1096948
AID05134	22.37236722	114.1066931
AID05135	22.37420787	114.1031287
AID05201	22.3737916	114.101255
AID05202	22.37201519	114.1070623
AID05203	22.36921697	114.1100056
AID05204	22.36650902	114.1130071
AID05205	22.36260975	114.1180866
AID05206	22.35956704	114.1197093
AID05207	22.35655172	114.1222833
AID05208	22.35422265	114.1247501
AID05209	22.34973473	114.1255672
AID05210	22.34654674	114.1249568
AID05211	22.34401896	114.1274235
AID05212	22.33791649	114.1352303
AID05213	22.33717701	114.1394628
AID05214	22.33650957	114.1432003
AID05215	22.33522804	114.1474037
AID05216	22.33542719	114.1501314
AID05217	22.3316168	114.1534712
AID05218	22.3273099	114.1588591
AID05219	22.32449274	114.1627517
AID05220	22.32209082	114.1654599
AID05221	22.3185599	114.1661979
AID05222	22.31487545	114.1667417
AID05223	22.31002607	114.167499
AID05224	22.30898773	114.1716432
AID05225	22.30710943	114.1744093
AID05226	22.30599868	114.1778352
AID05227	22.30838266	114.1826198
AID05232	22.32081529	114.2059246
AID05233	22.31872881	114.2081274
AID05234	22.31814115	114.2114273
AID05235	22.316081	114.2165611
AID07101	22.31013704	114.2664351
AID07102	22.31339861	114.2636323
AID07103	22.31638994	114.2594218
AID07104	22.31924529	114.2560361
AID07107	22.31032431	114.2310496
AID07110	22.31546654	114.2181042
AID07112	22.32325183	114.214321
AID07114	22.33063978	114.2100229
AID07115	22.33194957	114.2082469
AID07117	22.33893112	114.203123
AID07120	22.3425452	114.1863101
AID07121	22.34317745	114.184223
AID07122	22.34402646	114.1802138
AID07123	22.34472185	114.1771074
AID07124	22.34324978	114.1716905
AID07125	22.34166032	114.1695549
AID07126	22.34192192	114.1647205
AID07127	22.34121736	114.1625461
AID07128	22.34249937	114.1592745
AID07129	22.3427697	114.154479
AID07130	22.34164952	114.1517805
AID07131	22.34057439	114.1488005
AID07132	22.34105189	114.1429371
AID07133	22.34105995	114.1385881
AID07134	22.33937063	114.1361035
AID07201	22.33996666	114.1361519
AID07202	22.33995889	114.1415103
AID07203	22.33988751	114.1457331
AID07204	22.3402762	114.1478007
AID07205	22.34184826	114.1522464
AID07206	22.34280593	114.155275
AID07207	22.34108183	114.1617987
AID07209	22.34224732	114.1699626
AID07210	22.34291571	114.1743795
AID07211	22.34463154	114.1764084
AID07213	22.3426265	114.1858733
AID07219	22.33007069	114.2108381
AID07220	22.32806544	114.2129634
AID07221	22.32214104	114.2144275
AID07222	22.31898025	114.2147955
AID07224	22.31462607	114.2204624
AID07225	22.31327052	114.2239074
AID07227	22.31101949	114.2315933
AID07228	22.31221936	114.2350392
AID07229	22.3212342	114.2514463
AID07230	22.31895619	114.256298
AID07231	22.31563079	114.260557
AID07232	22.31274793	114.2645248
AID08101	22.32759229	114.0253264
AID08102	22.32524015	114.0209125
AID08103	22.32500998	114.0163896
AID08104	22.32477045	114.0116823
AID08105	22.32306814	114.0072583
AID08106	22.32110394	114.0029415
AID08107	22.31859822	113.9990234
AID08108	22.31529949	113.9966885
AID08109	22.31208994	113.9933928
AID08110	22.30943884	113.988893
AID08111	22.30703196	113.9848395
AID08112	22.30453478	113.9808736
AID08113	22.30216382	113.9768204
AID08114	22.30009053	113.9725727
AID08115	22.29876627	113.9680232
AID08116	22.29795784	113.964395
AID08117	22.29637847	113.9583322
AID08118	22.29463146	113.9552975
AID08119	22.29247886	113.9528748
AID08120	22.29024412	113.9498605
AID08121	22.28950534	113.9446992
AID08122	22.29100001	113.940662
AID08201	22.29380308	113.9379186
AID08202	22.29190915	113.9396104
AID08203	22.28960394	113.9441848
AID08204	22.28973677	113.9486968
AID08205	22.29210812	113.9525261
AID08206	22.29488468	113.9555688
AID08207	22.29654157	113.9587395
AID08208	22.29737647	113.9618048
AID08209	22.29830307	113.9659763
AID08210	22.29954683	113.9710984
AID08211	22.30121328	113.974939
AID08212	22.30343091	113.9791089
AID08213	22.3059191	113.9830747
AID08214	22.30812677	113.9866335
AID08215	22.31047944	113.9907065
AID08216	22.31342831	113.9950313
AID08217	22.31698039	113.9977831
AID08218	22.32018982	114.0010597
AID08219	22.32220823	114.0053472
AID08220	22.32410918	114.0096836
AID08221	22.32509802	114.0141182
AID08222	22.32494041	114.0191172
AID08223	22.32582877	114.0226202
AID09101	22.37433425	114.1030219
AID09102	22.37468735	114.105051
AID09103	22.37561012	114.1088762
AID09104	22.37657839	114.1138278
AID09105	22.37545196	114.1203145
AID09106	22.37641917	114.123062
AID09107	22.37814547	114.1276833
AID09108	22.37997995	114.1321008
AID09109	22.38165159	114.1358484
AID09110	22.380873	114.167063
AID09111	22.3824695	114.1739419
AID09112	22.38000419	114.1772628
AID09113	22.3780897	114.1793504
AID09114	22.37864942	114.1848172
AID09118	22.39372906	114.1990254
AID09119	22.39768407	114.2014539
AID09120	22.39952611	114.2026196
AID09121	22.40330041	114.2053202
AID09122	22.40630672	114.2097689
AID09123	22.40907864	114.211848
AID09151	22.50218399	114.1163854
AID09152	22.50103001	114.121702
AID09153	22.49983891	114.1244528
AID09154	22.49838665	114.1297207
AID09155	22.4938281	114.13635
AID09156	22.49151691	114.1387704
AID09157	22.4884116	114.1439994
AID09201	22.3816788	114.136334
AID09202	22.38072981	114.1332949
AID09203	22.37844371	114.1284697
AID09204	22.37619324	114.1225766
AID09205	22.37525303	114.1195669
AID09206	22.37653308	114.1134394
AID09207	22.37557432	114.109653
AID09208	22.3750309	114.1059441
AID09251	22.48774374	114.1459625
AID09252	22.48848374	114.1435232
AID09253	22.49215785	114.1378859
AID09254	22.49589538	114.1337255
AID09255	22.49821502	114.1295555
AID09256	22.49973065	114.1247541
AID09257	22.50120147	114.1213617
AID09258	22.50222929	114.1167838
AID10101	22.41672308	113.9904293
AID10102	22.41909752	113.9899405
AID10103	22.41984988	113.9924066
AID10104	22.4189147	113.988037
AID10105	22.42283916	113.9848264
AID10106	22.42589843	113.9831126
AID10107	22.43015106	113.9825239
AID10108	22.43431618	113.9842666
AID10109	22.43831795	113.9853491
AID10110	22.44333828	113.9848565
AID10111	22.44679305	113.9816264
AID10112	22.44872062	113.9775823
AID10113	22.45255393	113.9738851
AID10114	22.45521534	113.9718604
AID10115	22.45868908	113.9695333
AID10116	22.46257843	113.9674094
AID10117	22.46711682	113.9644295
AID10118	22.47029187	113.9616749
AID10119	22.47367356	113.9581814
AID10120	22.4216398	113.9940651
AID10201	22.4766946	113.9551547
AID10202	22.47351138	113.9584537
AID10203	22.47033708	113.9617234
AID10204	22.46662978	113.9648869
AID10205	22.46260561	113.9674774
AID10206	22.45814778	113.9699421
AID10207	22.45475534	113.9722886
AID10208	22.45266246	113.9740112
AID10209	22.4499747	113.9766576
AID10210	22.44775709	113.9797987
AID10211	22.44608072	113.9825115
AID10212	22.44369017	113.9846131
AID10213	22.43951022	113.9855709
AID10214	22.43509316	113.9845764
AID10215	22.4313886	113.982833
AID10216	22.42555548	113.9832783
AID10217	22.42318207	113.984622
AID10218	22.41925055	113.9895129
TDS10001	22.39441532	114.199414
TDS10002	22.3908574	114.1987337
TDS10004	22.38345199	114.2013737
TDS10005	22.38773258	114.2005297
TDS10006	22.37707679	114.1989743
TDS10007	22.37213807	114.1899241
TDS10008	22.37386255	114.1937014
TDS10009	22.37460278	114.1961774
TDS10010	22.36785779	114.1871954
TDS10011	22.3646522	114.1820396
TDS10012	22.36287324	114.1796317
TDS10013	22.3602544	114.1763986
TDS20001	22.38098508	114.2102096
TDS20002	22.38405537	114.2106376
TDS20003	22.38777579	114.2113571
TDS20004	22.39199337	114.2097752
TDS20005	22.39750168	114.2111944
TDS20007	22.40376728	114.2179457
TDS20008	22.40718116	114.216519
TDS20009	22.41128187	114.2128198
TDS30001	22.4112265	114.0612685
TDS30002	22.42323014	114.0643085
TDS30003	22.42816056	114.0640034
TDS30004	22.43280112	114.0624455
TDS30005	22.43706083	114.0587506
TDS30006	22.43957773	114.0552513
TDS30007	22.44338535	114.0510319
TDS30008	22.44792584	114.0487254
TDS30009	22.45378734	114.0496721
TDS90001	22.40945791	114.2119258
TDS90002	22.40599076	114.209225
TDS90003	22.40150359	114.2038728
TDS90004	22.39867733	114.2020853
TDS90005	22.39537248	114.199958
TDS90010	22.3800556	114.1861111
TDS90011	22.37799026	114.1832053
TDS90012	22.37836062	114.1790397
TDS90013	22.38032929	114.1769229
TDS90014	22.38258687	114.1727766
TDS90015	22.38140375	114.1692712
TDS90016	22.37375565	114.101624
TDS90017	22.3721736	114.0980323
TDS90018	22.3694628	114.0947423
TDS90019	22.37027324	114.0903143
TDS90020	22.36943947	114.0849261
TDS90021	22.37173893	114.0792542
TDS90022	22.37104927	114.0738658
TDS90023	22.36789635	114.0718972
TDS90025	22.36668206	114.0656065
TDS90026	22.36924399	114.0616819
TDS90027	22.368059	114.0589254
TDS90028	22.36679111	114.0540621
TDS90030	22.36551131	114.0457717
TDS90031	22.36420723	114.041297
TDS90032	22.36119675	114.037397
TDS90033	22.35843899	114.0334483
TDS90034	22.35588789	114.0284607
TDS90035	22.35614486	114.0231888
TDS90037	22.36224227	114.0157548
TDS90038	22.36486819	114.0138002
TDS90039	22.36663494	114.0106232
TDS90040	22.36724307	114.0049232
TDS90041	22.36829568	114.0012421
TDS90042	22.37247362	113.9983239
TDS90043	22.3758817	113.993455
TDS90044	22.37524705	113.9912517
TDS90045	22.37695794	113.9870159
TDS90046	22.38182817	113.9817754
TDS90048	22.39707387	113.9762382
TDS90049	22.399952	113.97678
TDS90051	22.4065716	113.9780621
TDS90052	22.410209	113.9788862
TDS90053	22.412403	113.979646
TDS90055	22.41592623	113.9885558
TDS90056	22.41840507	113.992457
TDS90057	22.42351091	113.9956751
TDS90058	22.42509412	113.9982567
TDS90059	22.42781497	114.0007108
TDS90060	22.43194387	114.0025415
TDS90061	22.43618305	114.0061984
TDS90062	22.43748776	114.0103447
TDS90063	22.43793378	114.0138024
TDS90065	22.4352065	114.0229076
TDS90066	22.43431726	114.0280084
TDS90067	22.43472874	114.0336517
TDS90068	22.43767592	114.0373789
TDS90069	22.44148851	114.0394054
TDS90070	22.44651897	114.0400028
TDS90071	22.44904205	114.0443041
TDS90072	22.45235944	114.0482938
TDS90073	22.45599209	114.0513606
TDS90074	22.46016517	114.0526879
TDS90075	22.46425671	114.0536753
TDS90076	22.4684205	114.0546918
TDS90077	22.47278304	114.0558151
TDS90078	22.47781445	114.0578027
TDS90079	22.48173404	114.0583338
TDS90080	22.48493997	114.0585254
TDS90081	22.49015203	114.0606103
TDS90082	22.49252089	114.0647093
TDS90084	22.49511897	114.0742505
TDS90086	22.50193284	114.0823702
TDS90089	22.50384525	114.0951588
TDS90090	22.50350433	114.099688
TDS90091	22.50320816	114.103634
TDS90092	22.50286699	114.1081242
TDS91001	22.37300496	114.0991872
TDS91002	22.37091583	114.0930034
TDS91003	22.36974004	114.089567
TDS91004	22.36949436	114.0861883
TDS91005	22.37092794	114.0822064
TDS91006	22.37142163	114.0772251
TDS91007	22.37020002	114.0732742
TDS91008	22.36668572	114.0710631
TDS91009	22.36652874	114.0658882
TDS91010	22.36854978	114.0633039
TDS91011	22.36835736	114.0594106
TDS91013	22.3656784	114.0514999
TDS91015	22.3648317	114.0429372
TDS91016	22.36086229	114.0370089
TDS91017	22.35769762	114.0324685
TDS91018	22.35620339	114.0278391
TDS91019	22.35703762	114.0218674
TDS91020	22.35940007	114.0182046
TDS91021	22.36309946	114.015045
TDS91023	22.3668854	114.0083024
TDS91024	22.36719645	114.0035542
TDS91025	22.36991976	113.999939
TDS91026	22.3738904	113.9974191
TDS91027	22.3757366	113.9929114
TDS91028	22.37504729	113.9903004
TDS91029	22.37737293	113.9866689
TDS91030	22.38162978	113.9820088
TDS91031	22.38383087	113.9800733
TDS91040	22.41641574	113.9901675
TDS91041	22.41951627	113.9928538
TDS91042	22.42274222	113.994695
TDS91044	22.43117597	114.002251
TDS91045	22.43512458	114.0044026
TDS91046	22.43706158	114.0086549
TDS91048	22.43657426	114.0178839
TDS91049	22.43527832	114.0224704
TDS91050	22.43438912	114.0275906
TDS91051	22.43417656	114.0321758
TDS91052	22.43792903	114.0376701
TDS91053	22.44185875	114.0394051
TDS91054	22.44598595	114.039741
TDS91055	22.44877892	114.0427985
TDS91056	22.44871879	114.0465679
TDS91057	22.45211634	114.0491976
TDS91058	22.45539574	114.0509239
TDS91059	22.4597226	114.0525814
TDS91060	22.46386833	114.0535784
TDS91061	22.46799599	114.0545853
TDS91062	22.47322561	114.0559216
TDS91063	22.47738991	114.0576476
TDS91064	22.48129153	114.058305
TDS91065	22.48537345	114.0585542
TDS91066	22.48980865	114.0602996
TDS91067	22.49238511	114.064243
TDS91068	22.49393316	114.0699074
TDS91069	22.49537241	114.0751832
TDS91070	22.49719846	114.0782529
TDS91071	22.50053219	114.0807676
TDS91073	22.50420303	114.088647
TDS91074	22.50389013	114.0946243
TDS91075	22.5035402	114.0991826
TDS91076	22.50309146	114.1051793
TDS91077	22.50263323	114.1105831
TDSAPR10001	22.24863379	114.1497113
TDSAPR20001	22.24840797	114.1493912
TDSCPRHSK10001	22.42242457	113.9855069
TDSCPRHSK10002	22.42709844	113.9898909
TDSCPRHSK10003	22.43067888	113.993723
TDSCPRHSK10004	22.43451363	113.9989538
TDSCPRHSK20001	22.42576951	113.9886397
TDSCPRHSK20002	22.42960276	113.9924034
TDSCPRHSK20003	22.43234297	113.9959259
TDSCPRKC10001	22.37028714	114.1221808
TDSCPRKC10002	22.37085807	114.1284724
TDSCPRKC10003	22.36012267	114.1353693
TDSCPRKC10004	22.35297888	114.1329929
TDSCPRKC20001	22.37032342	114.1226566
TDSCPRKC20002	22.37090334	114.1288704
TDSCPRKC20003	22.37080449	114.1305599
TDSCPRKC20004	22.35924649	114.1345346
TDSCPRKC20005	22.35505598	114.1332835
TDSCPRLT10001	22.41715514	113.9815999
TDSCPRLT10002	22.42015539	113.9833732
TDSCPRLT20001	22.4190528	113.9826462
TDSCPRLT20002	22.42046277	113.9836641
TDSCPRPS10001	22.43585218	114.0008172
TDSCPRPS10002	22.43880103	114.0053986
TDSCPRPS10003	22.44100816	114.0089222
TDSCPRPS10004	22.4428268	114.0123492
TDSCPRPS20001	22.43673859	114.0021275
TDSCPRPS20002	22.43904527	114.0057966
TDSCPRPS20003	22.4412886	114.0093979
TDSCPRPS20004	22.44380592	114.0161562
TDSIEC10001	22.28040541	114.1643086
TDSIEC10002	22.27961101	114.1689468
TDSIEC10003	22.27925895	114.1725176
TDSIEC10004	22.27971957	114.1767191
TDSIEC20001	22.27943057	114.174303
TDSIEC20002	22.28015303	114.1782619
TDSJCR10001	22.49373933	114.1429777
TDSJCR10002	22.48968532	114.1461953
TDSJCR20001	22.49351364	114.1433471
TDSJCR20002	22.48862879	114.1463219
TDSLFR10001	22.38696869	113.9690182
TDSLFR10002	22.38602329	113.9712142
TDSLFR10003	22.38561288	113.9751767
TDSLFR20001	22.38632026	113.9703981
TDSLFR20002	22.38564041	113.9755263
TDSLTR10001	22.45102316	114.0091724
TDSLTR10002	22.44728821	114.0127228
TDSLTR10003	22.44458304	114.0166604
TDSLTR10004	22.44153951	114.0163822
TDSLTR20001	22.4502649	114.0094551
TDSLTR20002	22.44790115	114.0116146
TDSLTR20003	22.44505257	114.0166113
TDSLTR20004	22.4410969	114.0162662
TDSMOSB10001	22.41472706	114.2291378
TDSMOSB10002	22.4186536	114.2342191
TDSMOSB10003	22.42267953	114.2387276
TDSMOSB10004	22.42510713	114.2427694
TDSMOSB10005	22.42875372	114.2468508
TDSMOSB20001	22.41460057	114.2293417
TDSMOSB20002	22.41740787	114.2328588
TDSMOSB20003	22.42078397	114.2364831
TDSMOSB20004	22.42410509	114.2419045
TDSMOSB20005	22.4278512	114.2455973
TDSMOSB20006	22.42924963	114.2485995
TDSMOSR10001	22.40427286	114.2184411
TDSMOSR10002	22.40819105	114.2223174
TDSMOSR10003	22.41281368	114.2256891
TDSMOSR20001	22.4086604	114.2231819
TDSMOSR20002	22.41310252	114.2261166
TDSNCWBR10001	22.33308509	114.2185656
TDSNCWBR10002	22.33195569	114.2207493
TDSNCWBR10003	22.33297578	114.2220988
TDSNCWBR10004	22.33414032	114.2235261
TDSNCWBR20001	22.33172089	114.2207686
TDSNCWBR20002	22.33303908	114.221798
TDSNCWBR20003	22.33410401	114.2241765
TDSNCWBR20004	22.33455355	114.2305348
TDSPBH10001	22.3299468	114.0325262
TDSPBH10002	22.32549757	114.0357435
TDSPBH20001	22.32823164	114.0332559
TDSPBH20002	22.32480302	114.0366761
TDSPERE10001	22.32795141	114.1914536
TDSPERE10002	22.33146392	114.1952493
TDSPERE20001	22.32915235	114.1927836
TDSPERE20002	22.3312743	114.1950358
TDSSPWR10001	22.25479041	114.1383205
TDSSPWR10002	22.25047441	114.1412418
TDSSPWR10003	22.24939152	114.1450352
TDSSPWR20001	22.25236165	114.1404555
TDSSPWR20002	22.24993262	114.1414748
TDSSPWR20003	22.249238	114.1450546
TDSTCKR10001	22.37696033	114.1904877
TDSTCKR10002	22.38127651	114.1946539
TDSTCKR10003	22.38265803	114.1960038
TDSTCKR10004	22.38792217	114.200889
TDSTCKR20001	22.38045482	114.1939061
TDSTCKR20002	22.38238715	114.1957221
TDSTCKR20004	22.38827425	114.2016173
TDSTKR10001	22.45951611	114.1987444
TDSTKR10002	22.46077182	114.1948097
TDSTKR10003	22.46221721	114.1893302
TDSTKR10004	22.46221743	114.1861531
TDSTKR10005	22.45981547	114.1832868
TDSTKR10006	22.45911119	114.1801194
TDSTKR10007	22.45725998	114.1775448
TDSTKR10008	22.45600466	114.1714046
TDSTKR20001	22.46013857	114.203
TDSTKR20002	22.45969693	114.1971122
TDSTKR20003	22.46156679	114.1919631
TDSTKR20004	22.46221737	114.1871344
TDSTKR20005	22.46079072	114.1840544
TDSTKR20006	22.45909311	114.1807704
TDSTKR20007	22.45801854	114.1776614
TDSTKR20008	22.45664591	114.1769521
TDSTKR20009	22.45568867	114.1743484
TDSTPR10002	22.44210687	114.1794779
TDSTPR10003	22.43746513	114.182596
TDSTPR10004	22.43383479	114.1847329
TDSTPR10005	22.43270591	114.1861802
TDSTPR10006	22.43271464	114.1904058
TDSTPR10007	22.43156739	114.1942911
TDSTPR10008	22.42930954	114.1963501
TDSTPR10009	22.42510131	114.1966021
TDSTPR10010	22.42241023	114.1965434
TDSTPR10011	22.41963772	114.1978057
TDSTPR10012	22.41948385	114.2003214
TDSTPR10013	22.41770436	114.2034874
TDSTPR10014	22.41540117	114.2058957
TDSTPR10015	22.4096207	114.2108089
TDSTPR10016	22.40587363	114.2079041
TDSTPR20001	22.44241391	114.178963
TDSTPR20002	22.43989433	114.1824407
TDSTPR20003	22.43592088	114.1835674
TDSTPR20004	22.43260629	114.1901629
TDSTPR20005	22.43172997	114.1940095
TDSTPR20006	22.42967078	114.1962239
TDSTPR20007	22.42641979	114.1963692
TDSTPR20008	22.42323203	114.196359
TDSTPR20009	22.42007139	114.1960963
TDSTPR20010	22.41937572	114.198641
TDSTPR20011	22.41794832	114.2026522
TDSTPR20012	22.41568117	114.2055947
TDSTPR20013	22.4124385	114.2094207
TDSTPR20014	22.40679435	114.2098273
TDSTPTWR10001	22.45110097	114.1679074
TDSTPTWR10002	22.45110116	114.1724054
TDSTPTWR20001	22.45107404	114.1715699
TDSTPTWR20002	22.45102898	114.1764178
TDSTTR10001	22.40521975	113.969399
TDSTTR10002	22.40517157	113.9741288
TDSTTR10003	22.40578786	113.9759052
TDSTTR20001	22.40531969	113.9698748
TDSTTR20002	22.40577023	113.9762548
TDSTYR10001	22.4623572	113.9933802
TDSTYR10002	22.46837449	113.9960735
TDSTYR10003	22.47060618	113.9971296
TDSTYR20001	22.46659458	113.9952499
TDSTYR20002	22.47096761	113.9973235
TDSTYR20003	22.47159559	114.0017631
TDSYSR10001	22.44647763	114.1768453
TDSYSR10002	22.45193202	114.1772727
TDSYSR10003	22.45399999	114.1779917
TDSYSR20001	22.45038781	114.1770687
TDSYSR20002	22.45295246	114.1777196
TDSYSR20003	22.45610408	114.1776516
AID01113	22.31029	114.17816
AID01122	22.34191	114.17893
AID01133	22.38371	114.20142
AID01202	22.3424	114.17875
AID07212	22.34402	114.18277
AID07106	22.31304942	114.2371069
AID07116	22.33651927	114.2070248
AID07118	22.34170428	114.1977746
AID07119	22.34167774	114.1929403
AID07208	22.3419581	114.1655748
AID07215	22.34172245	114.1969495
AID07216	22.34084609	114.1998616
AID07217	22.33838913	114.2040548
AID07218	22.33619411	114.2073839
AID07223	22.31629777	114.216435
AID07226	22.31123743	114.2278957
TDSTCKR20003	22.38659482	114.199976
TDSTPR10001	22.44619767	114.1745914
TDS90064	22.43638499	114.018263
TDS90083	22.49353485	114.0684402
TDS90085	22.49758694	114.0785344
TDS90087	22.50365058	114.0857706
TDS91043	22.42676673	114.0000613
TDS91032	22.38760402	113.9787668
TDS91047	22.43794237	114.0133653
TDS91072	22.50292713	114.0839926
AID01119	22.33252153	114.1787672
AID01205	22.33252153	114.178874
AID07105	22.31483643	114.2398543
AID07108	22.3108941	114.2284196
AID07109	22.31357779	114.223102
AID07111	22.31898025	114.2147566
AID07113	22.32855321	114.2124102
AID07214	22.34172308	114.1909406
TDS10003	22.38003861	114.2002953
TDS20006	22.40084237	114.2138951
TDS90024	22.36583482	114.0679956
TDS90029	22.3655231	114.0492281
TDS90036	22.35857899	114.0189143
TDS90088	22.50423064	114.0895995
TDS91012	22.36690894	114.0546252
TDS91014	22.36571991	114.0468783
TDS91022	22.36529227	114.0134405
TDS91035	22.40044337	113.9771559
TDS91037	22.40698289	113.9783412
TDS91038	22.41246625	113.9798776
